{
  "Mars": 354.82568139459363,
  "Mercury": 64.95093300691764,
  "Moon": 51.1181379706091,
  "Sun": 52.13802041737405,
  "Venus": 25.8503583273406
}