{
  "Mars": 112.78955318861482,
  "Mercury": 26.840129290252843,
  "Moon": 51.37323552107983,
  "Sun": 52.803398258066,
  "Venus": 95.60026765291965
}